AAV.100231_16/ORF/1-1926/1926/-_10001	AY243015.1	AS:i:0
AAV.100231_16/ORF/1-1926/1926/-_10001	ENA|AF028704|AF028704.1	AS:i:0
AAV.100231_16/ORF/1-1926/1926/-_10001	AY242997.1	AS:i:0
AAV.100231_16/ORF/1-1926/1926/-_10001	NC_002077.1	AS:i:-6
AAV.100231_16/ORF/1-1926/1926/-_10001	ENA|AF513851|AF513851.1	AS:i:-6
AAV.100231_16/ORF/1-1926/1926/-_10001	ENA|AAN03857|AAN03857.1	AS:i:-24
AAV.100231_16/ORF/1-1926/1926/-_10001	AY631966.1	AS:i:-30
AAV.100231_16/ORF/1-1926/1926/-_10001	ENA|AAT46337|AAT46337.1	AS:i:-36
AAV.100231_16/ORF/1-1926/1926/-_10001	AY243003.1	AS:i:-36
AAV.100231_16/ORF/1-1926/1926/-_10001	ENA|AAS99264|AAS99264.1	AS:i:-60
AAV.100231_16/ORF/1-1926/1926/-_10001	DQ813647.1	AS:i:-60
AAV.100231_16/ORF/1-1926/1926/-_10002	ENA|AF028704|AF028704.1	AS:i:0
AAV.100231_16/ORF/1-1926/1926/-_10002	AY243015.1	AS:i:0
AAV.100231_16/ORF/1-1926/1926/-_10002	AY242997.1	AS:i:0
AAV.100231_16/ORF/1-1926/1926/-_10002	ENA|AF513851|AF513851.1	AS:i:-6
AAV.100231_16/ORF/1-1926/1926/-_10002	NC_002077.1	AS:i:-6
AAV.100231_16/ORF/1-1926/1926/-_10002	ENA|AAN03857|AAN03857.1	AS:i:-24
AAV.100231_16/ORF/1-1926/1926/-_10002	AY631966.1	AS:i:-24
AAV.100231_16/ORF/1-1926/1926/-_10002	AY243003.1	AS:i:-30
AAV.100231_16/ORF/1-1926/1926/-_10002	ENA|AAT46337|AAT46337.1	AS:i:-30
AAV.100231_16/ORF/1-1926/1926/-_10003	ENA|AF028704|AF028704.1	AS:i:0
AAV.100231_16/ORF/1-1926/1926/-_10003	AY242997.1	AS:i:0
AAV.100231_16/ORF/1-1926/1926/-_10003	AY243015.1	AS:i:0
AAV.100231_16/ORF/1-1926/1926/-_10003	ENA|AF513851|AF513851.1	AS:i:-6
AAV.100231_16/ORF/1-1926/1926/-_10003	NC_002077.1	AS:i:-6
AAV.100231_16/ORF/1-1926/1926/-_10003	AY631966.1	AS:i:-24
AAV.100231_16/ORF/1-1926/1926/-_10003	ENA|AAN03857|AAN03857.1	AS:i:-24
AAV.100231_16/ORF/1-1926/1926/-_10003	ENA|AAT46337|AAT46337.1	AS:i:-30
AAV.100231_16/ORF/1-1926/1926/-_10003	AY243003.1	AS:i:-30
AAV.100231_16/ORF/1-1926/1926/-_10004	AY243015.1	AS:i:0
AAV.100231_16/ORF/1-1926/1926/-_10004	ENA|AF028704|AF028704.1	AS:i:0
AAV.100231_16/ORF/1-1926/1926/-_10004	AY242997.1	AS:i:0
AAV.100231_16/ORF/1-1926/1926/-_10004	NC_002077.1	AS:i:-6
AAV.100231_16/ORF/1-1926/1926/-_10004	ENA|AF513851|AF513851.1	AS:i:-12
AAV.100231_16/ORF/1-1926/1926/-_10004	ENA|AAN03857|AAN03857.1	AS:i:-24
AAV.100231_16/ORF/1-1926/1926/-_10004	AY631966.1	AS:i:-24
AAV.100231_16/ORF/1-1926/1926/-_10004	ENA|AAT46337|AAT46337.1	AS:i:-30
AAV.100231_16/ORF/1-1926/1926/-_10004	AY243003.1	AS:i:-30
AAV.100231_16/ORF/1-1926/1926/-_10005	ENA|AF028704|AF028704.1	AS:i:0
AAV.100231_16/ORF/1-1926/1926/-_10005	AY242997.1	AS:i:0
AAV.100231_16/ORF/1-1926/1926/-_10005	AY243015.1	AS:i:0
AAV.100231_16/ORF/1-1926/1926/-_10005	NC_002077.1	AS:i:-6
AAV.100231_16/ORF/1-1926/1926/-_10005	ENA|AF513851|AF513851.1	AS:i:-12
AAV.100231_16/ORF/1-1926/1926/-_10005	AY631966.1	AS:i:-24
AAV.100231_16/ORF/1-1926/1926/-_10005	ENA|AAN03857|AAN03857.1	AS:i:-24
AAV.100231_16/ORF/1-1926/1926/-_10005	ENA|AAT46337|AAT46337.1	AS:i:-30
AAV.100231_16/ORF/1-1926/1926/-_10005	AY243003.1	AS:i:-30
AAV.100231_16/ORF/1-1926/1926/-_10006	AY242997.1	AS:i:0
AAV.100231_16/ORF/1-1926/1926/-_10006	AY243015.1	AS:i:0
AAV.100231_16/ORF/1-1926/1926/-_10006	ENA|AF028704|AF028704.1	AS:i:0
AAV.100231_16/ORF/1-1926/1926/-_10006	NC_002077.1	AS:i:-6
AAV.100231_16/ORF/1-1926/1926/-_10006	ENA|AF513851|AF513851.1	AS:i:-12
AAV.100231_16/ORF/1-1926/1926/-_10006	ENA|AAN03857|AAN03857.1	AS:i:-24
AAV.100231_16/ORF/1-1926/1926/-_10007	ENA|AF028704|AF028704.1	AS:i:0
AAV.100231_16/ORF/1-1926/1926/-_10007	AY242997.1	AS:i:0
AAV.100231_16/ORF/1-1926/1926/-_10007	AY243015.1	AS:i:0
AAV.100231_16/ORF/1-1926/1926/-_10007	NC_002077.1	AS:i:-6
AAV.100231_16/ORF/1-1926/1926/-_10007	ENA|AF513851|AF513851.1	AS:i:-12
AAV.100231_16/ORF/1-1926/1926/-_10007	ENA|AAN03857|AAN03857.1	AS:i:-24
AAV.100231_16/ORF/1-1926/1926/-_10007	AY631966.1	AS:i:-24
AAV.100231_16/ORF/1-1926/1926/-_10007	AY243003.1	AS:i:-30
AAV.100231_16/ORF/1-1926/1926/-_10007	ENA|AAT46337|AAT46337.1	AS:i:-30
AAV.100231_16/ORF/1-1926/1926/-_10008	AY242997.1	AS:i:0
AAV.100231_16/ORF/1-1926/1926/-_10008	ENA|AF028704|AF028704.1	AS:i:0
AAV.100231_16/ORF/1-1926/1926/-_10008	AY243015.1	AS:i:0
AAV.100231_16/ORF/1-1926/1926/-_10008	NC_002077.1	AS:i:-6
AAV.100231_16/ORF/1-1926/1926/-_10008	ENA|AF513851|AF513851.1	AS:i:-12
AAV.100231_16/ORF/1-1926/1926/-_10008	AY631966.1	AS:i:-24
AAV.100231_16/ORF/1-1926/1926/-_10008	ENA|AAN03857|AAN03857.1	AS:i:-24
AAV.100231_16/ORF/1-1926/1926/-_10008	ENA|AAT46337|AAT46337.1	AS:i:-30
AAV.100231_16/ORF/1-1926/1926/-_10008	AY243003.1	AS:i:-30
AAV.100231_16/ORF/1-1926/1926/-_10009	ENA|AF028704|AF028704.1	AS:i:0
AAV.100231_16/ORF/1-1926/1926/-_10009	AY243015.1	AS:i:0
AAV.100231_16/ORF/1-1926/1926/-_10009	AY242997.1	AS:i:0
AAV.100231_16/ORF/1-1926/1926/-_10009	ENA|AF513851|AF513851.1	AS:i:-6
AAV.100231_16/ORF/1-1926/1926/-_10009	NC_002077.1	AS:i:-6
AAV.100231_16/ORF/1-1926/1926/-_10009	ENA|AAN03857|AAN03857.1	AS:i:-6
AAV.100231_16/ORF/1-1926/1926/-_10009	AY631966.1	AS:i:-18
AAV.100231_16/ORF/1-1926/1926/-_10009	ENA|AAT46337|AAT46337.1	AS:i:-24
AAV.100231_16/ORF/1-1926/1926/-_10009	AY243003.1	AS:i:-24
AAV.100231_16/ORF/1-1926/1926/-_10010	AY242997.1	AS:i:0
AAV.100231_16/ORF/1-1926/1926/-_10010	AY243015.1	AS:i:0
AAV.100231_16/ORF/1-1926/1926/-_10010	ENA|AF028704|AF028704.1	AS:i:0
AAV.100231_16/ORF/1-1926/1926/-_10010	ENA|AF513851|AF513851.1	AS:i:-6
AAV.100231_16/ORF/1-1926/1926/-_10010	ENA|AAN03857|AAN03857.1	AS:i:-6
AAV.100231_16/ORF/1-1926/1926/-_10010	NC_002077.1	AS:i:-6
AAV.100231_16/ORF/1-1926/1926/-_10010	AY243003.1	AS:i:-18
AAV.100231_16/ORF/1-1926/1926/-_10010	AY631966.1	AS:i:-18
AAV.100231_16/ORF/1-1926/1926/-_10010	ENA|AAT46337|AAT46337.1	AS:i:-18
AAV.100231_16/ORF/1-1926/1926/-_10011	AY242997.1	AS:i:0
AAV.100231_16/ORF/1-1926/1926/-_10011	ENA|AAN03857|AAN03857.1	AS:i:0
AAV.100231_16/ORF/1-1926/1926/-_10011	NC_002077.1	AS:i:0
AAV.100231_16/ORF/1-1926/1926/-_10011	AY243015.1	AS:i:0
AAV.100231_16/ORF/1-1926/1926/-_10011	ENA|AF028704|AF028704.1	AS:i:0
AAV.100231_16/ORF/1-1926/1926/-_10011	ENA|AAT46337|AAT46337.1	AS:i:-6
AAV.100231_16/ORF/1-1926/1926/-_10011	ENA|AF513851|AF513851.1	AS:i:-6
AAV.100231_16/ORF/1-1926/1926/-_10011	AY631966.1	AS:i:-6
AAV.100231_16/ORF/1-1926/1926/-_10011	AY243003.1	AS:i:-6
AAV.100231_16/ORF/1-1926/1926/-_10012	NC_002077.1	AS:i:0
AAV.100231_16/ORF/1-1926/1926/-_10012	ENA|AAN03857|AAN03857.1	AS:i:0
AAV.100231_16/ORF/1-1926/1926/-_10012	AY242997.1	AS:i:0
AAV.100231_16/ORF/1-1926/1926/-_10012	AY243015.1	AS:i:0
AAV.100231_16/ORF/1-1926/1926/-_10012	ENA|AF028704|AF028704.1	AS:i:-6
AAV.100231_16/ORF/1-1926/1926/-_10012	ENA|AF513851|AF513851.1	AS:i:-6
AAV.100231_16/ORF/1-1926/1926/-_10012	AY631966.1	AS:i:-6
AAV.100231_16/ORF/1-1926/1926/-_10012	AY243003.1	AS:i:-6
AAV.100231_16/ORF/1-1926/1926/-_10012	ENA|AAT46337|AAT46337.1	AS:i:-6
AAV.100231_16/ORF/1-1926/1926/-_10013	NC_002077.1	AS:i:0
AAV.100231_16/ORF/1-1926/1926/-_10013	AY631966.1	AS:i:0
AAV.100231_16/ORF/1-1926/1926/-_10013	AY243015.1	AS:i:0
AAV.100231_16/ORF/1-1926/1926/-_10013	ENA|AAN03857|AAN03857.1	AS:i:0
AAV.100231_16/ORF/1-1926/1926/-_10013	AY242997.1	AS:i:0
AAV.100231_16/ORF/1-1926/1926/-_10013	ENA|AAT46337|AAT46337.1	AS:i:0
AAV.100231_16/ORF/1-1926/1926/-_10013	AY243003.1	AS:i:0
AAV.100231_16/ORF/1-1926/1926/-_10013	ENA|AF028704|AF028704.1	AS:i:-6
AAV.100231_16/ORF/1-1926/1926/-_10013	ENA|AF513851|AF513851.1	AS:i:-6
AAV.100231_16/ORF/1-1926/1926/-_10014	AY242997.1	AS:i:0
AAV.100231_16/ORF/1-1926/1926/-_10014	ENA|AAT46337|AAT46337.1	AS:i:0
AAV.100231_16/ORF/1-1926/1926/-_10014	ENA|AF513851|AF513851.1	AS:i:0
AAV.100231_16/ORF/1-1926/1926/-_10014	AY631966.1	AS:i:0
AAV.100231_16/ORF/1-1926/1926/-_10014	AY243015.1	AS:i:0
AAV.100231_16/ORF/1-1926/1926/-_10014	AY243003.1	AS:i:0
AAV.100231_16/ORF/1-1926/1926/-_10014	ENA|AAN03857|AAN03857.1	AS:i:0
AAV.100231_16/ORF/1-1926/1926/-_10014	NC_002077.1	AS:i:0
AAV.100231_16/ORF/1-1926/1926/-_10014	ENA|AF028704|AF028704.1	AS:i:-6
AAV.100231_16/ORF/1-1926/1926/-_10014	DQ813647.1	AS:i:-42
AAV.100231_16/ORF/1-1926/1926/-_10014	NC_001401.2	AS:i:-42
AAV.100231_16/ORF/1-1926/1926/-_10015	AY242997.1	AS:i:0
AAV.100231_16/ORF/1-1926/1926/-_10015	AY243015.1	AS:i:-6
AAV.100231_16/ORF/1-1926/1926/-_10015	ENA|AAT46337|AAT46337.1	AS:i:-6
AAV.100231_16/ORF/1-1926/1926/-_10015	ENA|AAN03857|AAN03857.1	AS:i:-6
AAV.100231_16/ORF/1-1926/1926/-_10015	ENA|AF513851|AF513851.1	AS:i:-6
AAV.100231_16/ORF/1-1926/1926/-_10015	NC_002077.1	AS:i:-6
AAV.100231_16/ORF/1-1926/1926/-_10015	AY631966.1	AS:i:-6
AAV.100231_16/ORF/1-1926/1926/-_10015	AY243003.1	AS:i:-6
AAV.100231_16/ORF/1-1926/1926/-_10015	ENA|AF028704|AF028704.1	AS:i:-12
AAV.100231_16/ORF/1-1926/1926/-_10015	NC_001401.2	AS:i:-36
AAV.100231_16/ORF/1-1926/1926/-_10015	DQ813647.1	AS:i:-42
AAV.100231_16/ORF/1-1926/1926/-_10016	AY242997.1	AS:i:0
AAV.100231_16/ORF/1-1926/1926/-_10016	AY631966.1	AS:i:-6
AAV.100231_16/ORF/1-1926/1926/-_10016	ENA|AAT46337|AAT46337.1	AS:i:-6
AAV.100231_16/ORF/1-1926/1926/-_10016	NC_002077.1	AS:i:-6
AAV.100231_16/ORF/1-1926/1926/-_10016	ENA|AF513851|AF513851.1	AS:i:-6
AAV.100231_16/ORF/1-1926/1926/-_10016	AY243015.1	AS:i:-6
AAV.100231_16/ORF/1-1926/1926/-_10016	AY243003.1	AS:i:-6
AAV.100231_16/ORF/1-1926/1926/-_10016	ENA|AF028704|AF028704.1	AS:i:-12
AAV.100231_16/ORF/1-1926/1926/-_10016	ENA|AAN03857|AAN03857.1	AS:i:-18
AAV.100231_16/ORF/1-1926/1926/-_10016	NC_001401.2	AS:i:-42
AAV.100231_16/ORF/1-1926/1926/-_10016	DQ813647.1	AS:i:-48
AAV.100231_16/ORF/1-1926/1926/-_10017	AY242997.1	AS:i:0
AAV.100231_16/ORF/1-1926/1926/-_10017	AY631966.1	AS:i:-6
AAV.100231_16/ORF/1-1926/1926/-_10017	NC_002077.1	AS:i:-6
AAV.100231_16/ORF/1-1926/1926/-_10017	ENA|AAT46337|AAT46337.1	AS:i:-6
AAV.100231_16/ORF/1-1926/1926/-_10017	AY243003.1	AS:i:-6
AAV.100231_16/ORF/1-1926/1926/-_10017	AY243015.1	AS:i:-6
AAV.100231_16/ORF/1-1926/1926/-_10017	ENA|AF513851|AF513851.1	AS:i:-6
AAV.100231_16/ORF/1-1926/1926/-_10017	ENA|AF028704|AF028704.1	AS:i:-12
AAV.100231_16/ORF/1-1926/1926/-_10017	ENA|AAN03857|AAN03857.1	AS:i:-24
AAV.100231_16/ORF/1-1926/1926/-_10018	AY242997.1	AS:i:0
AAV.100231_16/ORF/1-1926/1926/-_10018	ENA|AAT46337|AAT46337.1	AS:i:-6
AAV.100231_16/ORF/1-1926/1926/-_10018	ENA|AF513851|AF513851.1	AS:i:-6
AAV.100231_16/ORF/1-1926/1926/-_10018	NC_002077.1	AS:i:-6
AAV.100231_16/ORF/1-1926/1926/-_10018	AY243003.1	AS:i:-6
AAV.100231_16/ORF/1-1926/1926/-_10018	AY243015.1	AS:i:-6
AAV.100231_16/ORF/1-1926/1926/-_10018	AY631966.1	AS:i:-6
AAV.100231_16/ORF/1-1926/1926/-_10018	ENA|AF028704|AF028704.1	AS:i:-12
AAV.100231_16/ORF/1-1926/1926/-_10018	ENA|AAN03857|AAN03857.1	AS:i:-24
AAV.100231_16/ORF/1-1926/1926/-_10019	AY242997.1	AS:i:0
AAV.100231_16/ORF/1-1926/1926/-_10019	AY243015.1	AS:i:-6
AAV.100231_16/ORF/1-1926/1926/-_10019	AY243003.1	AS:i:-6
AAV.100231_16/ORF/1-1926/1926/-_10019	ENA|AAT46337|AAT46337.1	AS:i:-6
AAV.100231_16/ORF/1-1926/1926/-_10019	ENA|AF513851|AF513851.1	AS:i:-6
AAV.100231_16/ORF/1-1926/1926/-_10019	NC_002077.1	AS:i:-6
AAV.100231_16/ORF/1-1926/1926/-_10019	AY631966.1	AS:i:-6
AAV.100231_16/ORF/1-1926/1926/-_10019	ENA|AF028704|AF028704.1	AS:i:-12
AAV.100231_16/ORF/1-1926/1926/-_10019	ENA|AAN03857|AAN03857.1	AS:i:-24
AAV.100231_16/ORF/1-1926/1926/-_10020	AY242997.1	AS:i:0
AAV.100231_16/ORF/1-1926/1926/-_10020	ENA|AAT46337|AAT46337.1	AS:i:-12
AAV.100231_16/ORF/1-1926/1926/-_10020	AY243003.1	AS:i:-12
AAV.100231_16/ORF/1-1926/1926/-_10020	AY243015.1	AS:i:-12
AAV.100231_16/ORF/1-1926/1926/-_10020	AY631966.1	AS:i:-12
AAV.100231_16/ORF/1-1926/1926/-_10020	ENA|AF513851|AF513851.1	AS:i:-12
AAV.100231_16/ORF/1-1926/1926/-_10020	NC_002077.1	AS:i:-12
AAV.100231_16/ORF/1-1926/1926/-_10020	ENA|AF028704|AF028704.1	AS:i:-18
AAV.100231_16/ORF/1-1926/1926/-_10020	ENA|AAN03857|AAN03857.1	AS:i:-30
AAV.100231_16/ORF/1-1926/1926/-_10021	AY242997.1	AS:i:0
AAV.100231_16/ORF/1-1926/1926/-_10021	NC_002077.1	AS:i:-12
AAV.100231_16/ORF/1-1926/1926/-_10021	AY243003.1	AS:i:-12
AAV.100231_16/ORF/1-1926/1926/-_10021	AY631966.1	AS:i:-12
AAV.100231_16/ORF/1-1926/1926/-_10021	ENA|AF513851|AF513851.1	AS:i:-12
AAV.100231_16/ORF/1-1926/1926/-_10021	AY243015.1	AS:i:-12
AAV.100231_16/ORF/1-1926/1926/-_10021	ENA|AAT46337|AAT46337.1	AS:i:-12
AAV.100231_16/ORF/1-1926/1926/-_10021	ENA|AF028704|AF028704.1	AS:i:-18
AAV.100231_16/ORF/1-1926/1926/-_10021	ENA|AAN03857|AAN03857.1	AS:i:-30
AAV.100231_16/ORF/1-1926/1926/-_10022	AY242997.1	AS:i:0
AAV.100231_16/ORF/1-1926/1926/-_10022	ENA|AF028704|AF028704.1	AS:i:-12
AAV.100231_16/ORF/1-1926/1926/-_10022	AY243003.1	AS:i:-12
AAV.100231_16/ORF/1-1926/1926/-_10022	AY631966.1	AS:i:-12
AAV.100231_16/ORF/1-1926/1926/-_10022	ENA|AAT46337|AAT46337.1	AS:i:-12
AAV.100231_16/ORF/1-1926/1926/-_10022	ENA|AF513851|AF513851.1	AS:i:-12
AAV.100231_16/ORF/1-1926/1926/-_10022	AY243015.1	AS:i:-12
AAV.100231_16/ORF/1-1926/1926/-_10022	NC_002077.1	AS:i:-12
AAV.100231_16/ORF/1-1926/1926/-_10023	AY242997.1	AS:i:0
AAV.100231_16/ORF/1-1926/1926/-_10023	ENA|AAT46337|AAT46337.1	AS:i:-12
AAV.100231_16/ORF/1-1926/1926/-_10023	AY243003.1	AS:i:-12
AAV.100231_16/ORF/1-1926/1926/-_10023	ENA|AF028704|AF028704.1	AS:i:-12
AAV.100231_16/ORF/1-1926/1926/-_10023	NC_002077.1	AS:i:-12
AAV.100231_16/ORF/1-1926/1926/-_10023	ENA|AF513851|AF513851.1	AS:i:-12
AAV.100231_16/ORF/1-1926/1926/-_10023	AY243015.1	AS:i:-12
AAV.100231_16/ORF/1-1926/1926/-_10023	AY631966.1	AS:i:-12
AAV.100231_16/ORF/1-1926/1926/-_10024	AY242997.1	AS:i:0
AAV.100231_16/ORF/1-1926/1926/-_10024	AY243003.1	AS:i:-12
AAV.100231_16/ORF/1-1926/1926/-_10024	NC_002077.1	AS:i:-12
AAV.100231_16/ORF/1-1926/1926/-_10024	AY243015.1	AS:i:-12
AAV.100231_16/ORF/1-1926/1926/-_10024	ENA|AF028704|AF028704.1	AS:i:-12
AAV.100231_16/ORF/1-1926/1926/-_10024	AY631966.1	AS:i:-12
AAV.100231_16/ORF/1-1926/1926/-_10024	ENA|AAT46337|AAT46337.1	AS:i:-12
AAV.100231_16/ORF/1-1926/1926/-_10024	ENA|AF513851|AF513851.1	AS:i:-18
AAV.100231_16/ORF/1-1926/1926/-_10024	ENA|AAN03857|AAN03857.1	AS:i:-30
AAV.100231_16/ORF/1-1926/1926/-_10025	AY242997.1	AS:i:0
AAV.100231_16/ORF/1-1926/1926/-_10025	AY243015.1	AS:i:-6
AAV.100231_16/ORF/1-1926/1926/-_10025	NC_002077.1	AS:i:-6
AAV.100231_16/ORF/1-1926/1926/-_10025	AY243003.1	AS:i:-6
AAV.100231_16/ORF/1-1926/1926/-_10025	AY631966.1	AS:i:-6
AAV.100231_16/ORF/1-1926/1926/-_10025	ENA|AF028704|AF028704.1	AS:i:-6
AAV.100231_16/ORF/1-1926/1926/-_10025	ENA|AAT46337|AAT46337.1	AS:i:-6
AAV.100231_16/ORF/1-1926/1926/-_10025	ENA|AF513851|AF513851.1	AS:i:-12
AAV.100231_16/ORF/1-1926/1926/-_10025	ENA|AAN03857|AAN03857.1	AS:i:-24
AAV.100231_16/ORF/1-1926/1926/-_10026	AY242997.1	AS:i:0
AAV.100231_16/ORF/1-1926/1926/-_10026	AY243003.1	AS:i:-6
AAV.100231_16/ORF/1-1926/1926/-_10026	AY243015.1	AS:i:-6
AAV.100231_16/ORF/1-1926/1926/-_10026	ENA|AF028704|AF028704.1	AS:i:-6
AAV.100231_16/ORF/1-1926/1926/-_10026	AY631966.1	AS:i:-6
AAV.100231_16/ORF/1-1926/1926/-_10026	ENA|AAT46337|AAT46337.1	AS:i:-6
AAV.100231_16/ORF/1-1926/1926/-_10026	NC_002077.1	AS:i:-6
AAV.100231_16/ORF/1-1926/1926/-_10026	ENA|AF513851|AF513851.1	AS:i:-12
AAV.100231_16/ORF/1-1926/1926/-_10026	ENA|AAN03857|AAN03857.1	AS:i:-12
AAV.100231_16/ORF/1-1926/1926/-_10027	AY242997.1	AS:i:0
AAV.100231_16/ORF/1-1926/1926/-_10027	ENA|AAN03857|AAN03857.1	AS:i:-6
AAV.100231_16/ORF/1-1926/1926/-_10027	AY243003.1	AS:i:-6
AAV.100231_16/ORF/1-1926/1926/-_10027	ENA|AF028704|AF028704.1	AS:i:-6
AAV.100231_16/ORF/1-1926/1926/-_10027	AY243015.1	AS:i:-6
AAV.100231_16/ORF/1-1926/1926/-_10027	ENA|AAT46337|AAT46337.1	AS:i:-6
AAV.100231_16/ORF/1-1926/1926/-_10027	AY631966.1	AS:i:-6
AAV.100231_16/ORF/1-1926/1926/-_10027	NC_002077.1	AS:i:-6
AAV.100231_16/ORF/1-1926/1926/-_10027	ENA|AF513851|AF513851.1	AS:i:-12
AAV.100231_16/ORF/1-1926/1926/-_10027	ENA|AAS99264|AAS99264.1	AS:i:-60
AAV.100231_16/ORF/1-1926/1926/-_10028	AY242997.1	AS:i:0
AAV.100231_16/ORF/1-1926/1926/-_10028	AY243015.1	AS:i:-6
AAV.100231_16/ORF/1-1926/1926/-_10028	NC_002077.1	AS:i:-6
AAV.100231_16/ORF/1-1926/1926/-_10028	ENA|AAN03857|AAN03857.1	AS:i:-6
AAV.100231_16/ORF/1-1926/1926/-_10028	ENA|AAT46337|AAT46337.1	AS:i:-6
AAV.100231_16/ORF/1-1926/1926/-_10028	AY631966.1	AS:i:-12
AAV.100231_16/ORF/1-1926/1926/-_10028	ENA|AF513851|AF513851.1	AS:i:-12
AAV.100231_16/ORF/1-1926/1926/-_10028	ENA|AF028704|AF028704.1	AS:i:-12
AAV.100231_16/ORF/1-1926/1926/-_10028	AY243003.1	AS:i:-12
AAV.100231_16/ORF/1-1926/1926/-_10029	AY242997.1	AS:i:0
AAV.100231_16/ORF/1-1926/1926/-_10029	NC_002077.1	AS:i:-6
AAV.100231_16/ORF/1-1926/1926/-_10029	ENA|AAT46337|AAT46337.1	AS:i:-6
AAV.100231_16/ORF/1-1926/1926/-_10029	AY243015.1	AS:i:-6
AAV.100231_16/ORF/1-1926/1926/-_10029	ENA|AAN03857|AAN03857.1	AS:i:-6
AAV.100231_16/ORF/1-1926/1926/-_10029	ENA|AF513851|AF513851.1	AS:i:-12
AAV.100231_16/ORF/1-1926/1926/-_10029	ENA|AF028704|AF028704.1	AS:i:-12
AAV.100231_16/ORF/1-1926/1926/-_10029	AY243003.1	AS:i:-18
AAV.100231_16/ORF/1-1926/1926/-_10029	AY631966.1	AS:i:-18
AAV.100231_16/ORF/1-1926/1926/-_10029	ENA|AAS99264|AAS99264.1	AS:i:-54
AAV.100231_16/ORF/1-1926/1926/-_10030	NC_002077.1	AS:i:0
AAV.100231_16/ORF/1-1926/1926/-_10030	ENA|AAN03857|AAN03857.1	AS:i:0
AAV.100231_16/ORF/1-1926/1926/-_10030	ENA|AAT46337|AAT46337.1	AS:i:0
AAV.100231_16/ORF/1-1926/1926/-_10030	AY243015.1	AS:i:0
AAV.100231_16/ORF/1-1926/1926/-_10030	AY242997.1	AS:i:0
AAV.100231_16/ORF/1-1926/1926/-_10030	ENA|AF513851|AF513851.1	AS:i:-6
AAV.100231_16/ORF/1-1926/1926/-_10030	ENA|AF028704|AF028704.1	AS:i:-18
AAV.100231_16/ORF/1-1926/1926/-_10030	AY243003.1	AS:i:-24
AAV.100231_16/ORF/1-1926/1926/-_10030	AY631966.1	AS:i:-24
AAV.100231_16/ORF/1-1926/1926/-_10030	ENA|AAS99264|AAS99264.1	AS:i:-54
AAV.100231_16/ORF/1-1926/1926/-_10030	EU285562.1	AS:i:-54
AAV.100231_16/ORF/1-1926/1926/-_10031	AY242997.1	AS:i:0
AAV.100231_16/ORF/1-1926/1926/-_10031	NC_002077.1	AS:i:0
AAV.100231_16/ORF/1-1926/1926/-_10031	ENA|AAN03857|AAN03857.1	AS:i:0
AAV.100231_16/ORF/1-1926/1926/-_10031	ENA|AAT46337|AAT46337.1	AS:i:0
AAV.100231_16/ORF/1-1926/1926/-_10031	AY243015.1	AS:i:0
AAV.100231_16/ORF/1-1926/1926/-_10031	ENA|AF513851|AF513851.1	AS:i:-6
AAV.100231_16/ORF/1-1926/1926/-_10031	ENA|AF028704|AF028704.1	AS:i:-18
AAV.100231_16/ORF/1-1926/1926/-_10031	AY243003.1	AS:i:-30
AAV.100231_16/ORF/1-1926/1926/-_10031	AY631966.1	AS:i:-30
AAV.100231_16/ORF/1-1926/1926/-_10031	ENA|AAS99264|AAS99264.1	AS:i:-48
AAV.100231_16/ORF/1-1926/1926/-_10031	EU285562.1	AS:i:-54
AAV.100231_16/ORF/1-1926/1926/-_10032	NC_002077.1	AS:i:0
AAV.100231_16/ORF/1-1926/1926/-_10032	AY242997.1	AS:i:0
AAV.100231_16/ORF/1-1926/1926/-_10032	AY243015.1	AS:i:0
AAV.100231_16/ORF/1-1926/1926/-_10032	ENA|AAN03857|AAN03857.1	AS:i:0
AAV.100231_16/ORF/1-1926/1926/-_10032	ENA|AF513851|AF513851.1	AS:i:-6
AAV.100231_16/ORF/1-1926/1926/-_10032	ENA|AAT46337|AAT46337.1	AS:i:-12
AAV.100231_16/ORF/1-1926/1926/-_10032	ENA|AF028704|AF028704.1	AS:i:-24
AAV.100231_16/ORF/1-1926/1926/-_10032	AY243003.1	AS:i:-36
AAV.100231_16/ORF/1-1926/1926/-_10032	AY631966.1	AS:i:-36
AAV.100231_16/ORF/1-1926/1926/-_10032	ENA|AAS99264|AAS99264.1	AS:i:-54
AAV.100231_16/ORF/1-1926/1926/-_10033	AY242997.1	AS:i:0
AAV.100231_16/ORF/1-1926/1926/-_10033	AY243015.1	AS:i:0
AAV.100231_16/ORF/1-1926/1926/-_10033	NC_002077.1	AS:i:0
AAV.100231_16/ORF/1-1926/1926/-_10033	ENA|AAN03857|AAN03857.1	AS:i:0
AAV.100231_16/ORF/1-1926/1926/-_10033	ENA|AF513851|AF513851.1	AS:i:-6
AAV.100231_16/ORF/1-1926/1926/-_10033	ENA|AAT46337|AAT46337.1	AS:i:-12
AAV.100231_16/ORF/1-1926/1926/-_10033	ENA|AF028704|AF028704.1	AS:i:-24
AAV.100231_16/ORF/1-1926/1926/-_10033	AY243003.1	AS:i:-36
AAV.100231_16/ORF/1-1926/1926/-_10033	ENA|AAS99264|AAS99264.1	AS:i:-42
AAV.100231_16/ORF/1-1926/1926/-_10033	AY631966.1	AS:i:-42
AAV.100231_16/ORF/1-1926/1926/-_10034	ENA|AAN03857|AAN03857.1	AS:i:0
AAV.100231_16/ORF/1-1926/1926/-_10034	AY243015.1	AS:i:0
AAV.100231_16/ORF/1-1926/1926/-_10034	AY242997.1	AS:i:0
AAV.100231_16/ORF/1-1926/1926/-_10034	ENA|AF513851|AF513851.1	AS:i:-6
AAV.100231_16/ORF/1-1926/1926/-_10034	ENA|AAT46337|AAT46337.1	AS:i:-12
AAV.100231_16/ORF/1-1926/1926/-_10034	NC_002077.1	AS:i:-12
AAV.100231_16/ORF/1-1926/1926/-_10034	AY243003.1	AS:i:-36
AAV.100231_16/ORF/1-1926/1926/-_10034	ENA|AF028704|AF028704.1	AS:i:-36
AAV.100231_16/ORF/1-1926/1926/-_10034	ENA|AAS99264|AAS99264.1	AS:i:-42
AAV.100231_16/ORF/1-1926/1926/-_10034	AY631966.1	AS:i:-42
AAV.100231_16/ORF/1-1926/1926/-_10035	ENA|AAN03857|AAN03857.1	AS:i:0
AAV.100231_16/ORF/1-1926/1926/-_10035	AY242997.1	AS:i:0
AAV.100231_16/ORF/1-1926/1926/-_10035	AY243015.1	AS:i:0
AAV.100231_16/ORF/1-1926/1926/-_10035	ENA|AF513851|AF513851.1	AS:i:-6
AAV.100231_16/ORF/1-1926/1926/-_10035	ENA|AAT46337|AAT46337.1	AS:i:-12
AAV.100231_16/ORF/1-1926/1926/-_10035	NC_002077.1	AS:i:-18
AAV.100231_16/ORF/1-1926/1926/-_10036	AY242997.1	AS:i:0
AAV.100231_16/ORF/1-1926/1926/-_10036	NC_002077.1	AS:i:-18
AAV.100231_16/ORF/1-1926/1926/-_10036	AY243015.1	AS:i:-23
AAV.100231_16/ORF/1-1926/1926/-_10036	ENA|AAN03857|AAN03857.1	AS:i:-23
AAV.100231_16/ORF/1-1926/1926/-_10036	ENA|AF513851|AF513851.1	AS:i:-24
AAV.100231_16/ORF/1-1926/1926/-_10036	ENA|AAT46337|AAT46337.1	AS:i:-36
AAV.100231_16/ORF/1-1926/1926/-_10037	AY242997.1	AS:i:0
AAV.100231_16/ORF/1-1926/1926/-_10037	NC_002077.1	AS:i:-18
AAV.100231_16/ORF/1-1926/1926/-_10037	AY243015.1	AS:i:-44
AAV.100231_16/ORF/1-1926/1926/-_10037	ENA|AAN03857|AAN03857.1	AS:i:-44
AAV.100231_16/ORF/1-1926/1926/-_10037	ENA|AF513851|AF513851.1	AS:i:-50
AAV.100231_16/ORF/1-1926/1926/-_10038	AY242997.1	AS:i:0
AAV.100231_16/ORF/1-1926/1926/-_10038	NC_002077.1	AS:i:-18
AAV.100231_16/ORF/1-1926/1926/-_10039	AY242997.1	AS:i:0
AAV.100231_16/ORF/1-1926/1926/-_10039	NC_002077.1	AS:i:-18
AAV.100231_16/ORF/1-1926/1926/-_10039	ENA|AF028704|AF028704.1	AS:i:-42
AAV.100231_16/ORF/1-1926/1926/-_10040	AY242997.1	AS:i:0
AAV.100231_16/ORF/1-1926/1926/-_10040	NC_002077.1	AS:i:-18
AAV.100231_16/ORF/1-1926/1926/-_10040	ENA|AF028704|AF028704.1	AS:i:-30
AAV.100231_16/ORF/1-1926/1926/-_10041	AY242997.1	AS:i:0
AAV.100231_16/ORF/1-1926/1926/-_10041	NC_002077.1	AS:i:-18
AAV.100231_16/ORF/1-1926/1926/-_10041	ENA|AF028704|AF028704.1	AS:i:-30
AAV.100231_16/ORF/1-1926/1926/-_10042	AY242997.1	AS:i:0
AAV.100231_16/ORF/1-1926/1926/-_10042	NC_002077.1	AS:i:-18
AAV.100231_16/ORF/1-1926/1926/-_10042	ENA|AF028704|AF028704.1	AS:i:-24
AAV.100231_16/ORF/1-1926/1926/-_10043	AY242997.1	AS:i:0
AAV.100231_16/ORF/1-1926/1926/-_10043	NC_002077.1	AS:i:-18
AAV.100231_16/ORF/1-1926/1926/-_10043	ENA|AF028704|AF028704.1	AS:i:-24
AAV.100231_16/ORF/1-1926/1926/-_10044	AY242997.1	AS:i:0
AAV.100231_16/ORF/1-1926/1926/-_10044	NC_002077.1	AS:i:-6
AAV.100231_16/ORF/1-1926/1926/-_10044	ENA|AF028704|AF028704.1	AS:i:-12
AAV.100231_16/ORF/1-1926/1926/-_10045	NC_002077.1	AS:i:0
AAV.100231_16/ORF/1-1926/1926/-_10045	AY242997.1	AS:i:0
AAV.100231_16/ORF/1-1926/1926/-_10045	ENA|AF028704|AF028704.1	AS:i:-6
AAV.100231_16/ORF/1-1926/1926/-_10046	AY242997.1	AS:i:-12
AAV.100231_16/ORF/1-1926/1926/-_10046	NC_002077.1	AS:i:-12
AAV.100231_16/ORF/1-1926/1926/-_10046	ENA|AF028704|AF028704.1	AS:i:-18
AAV.100231_16/ORF/1-1926/1926/-_10047	AY242997.1	AS:i:-18
AAV.100231_16/ORF/1-1926/1926/-_10047	ENA|AF028704|AF028704.1	AS:i:-24
AAV.100231_16/ORF/1-1926/1926/-_10047	NC_002077.1	AS:i:-24
AAV.100231_16/ORF/1-1926/1926/-_10047	ENA|AAN03857|AAN03857.1	AS:i:-42
AAV.100231_16/ORF/1-1926/1926/-_10048	AY242997.1	AS:i:-18
AAV.100231_16/ORF/1-1926/1926/-_10048	NC_002077.1	AS:i:-24
AAV.100231_16/ORF/1-1926/1926/-_10048	ENA|AF028704|AF028704.1	AS:i:-24
AAV.100231_16/ORF/1-1926/1926/-_10048	ENA|AAN03857|AAN03857.1	AS:i:-30
AAV.100231_16/ORF/1-1926/1926/-_10065	ENA|AAN03857|AAN03857.1	AS:i:0
AAV.100231_16/ORF/1-1926/1926/-_10065	AY243015.1	AS:i:-6
AAV.100231_16/ORF/1-1926/1926/-_10065	ENA|AAT46337|AAT46337.1	AS:i:-6
AAV.100231_16/ORF/1-1926/1926/-_10065	AY242997.1	AS:i:-12
AAV.100231_16/ORF/1-1926/1926/-_10065	NC_002077.1	AS:i:-24
AAV.100231_16/ORF/1-1926/1926/-_10065	ENA|AF028704|AF028704.1	AS:i:-24
AAV.100231_16/ORF/1-1926/1926/-_10065	ENA|AAS99264|AAS99264.1	AS:i:-30
AAV.100231_16/ORF/1-1926/1926/-_10065	ENA|AF513851|AF513851.1	AS:i:-30
AAV.100231_16/ORF/1-1926/1926/-_10065	EU285562.1	AS:i:-48
AAV.100231_16/ORF/1-1926/1926/-_10065	ENA|U48704|U48704.1	AS:i:-48
AAV.100231_16/ORF/1-1926/1926/-_10066	ENA|AAN03857|AAN03857.1	AS:i:0
AAV.100231_16/ORF/1-1926/1926/-_10066	ENA|AAT46337|AAT46337.1	AS:i:-6
AAV.100231_16/ORF/1-1926/1926/-_10066	NC_001401.2	AS:i:-12
AAV.100231_16/ORF/1-1926/1926/-_10066	AY243015.1	AS:i:-12
AAV.100231_16/ORF/1-1926/1926/-_10066	AY242997.1	AS:i:-12
AAV.100231_16/ORF/1-1926/1926/-_10066	ENA|AAS99264|AAS99264.1	AS:i:-30
AAV.100231_16/ORF/1-1926/1926/-_10066	NC_002077.1	AS:i:-30
AAV.100231_16/ORF/1-1926/1926/-_10066	ENA|AF028704|AF028704.1	AS:i:-30
AAV.100231_16/ORF/1-1926/1926/-_10066	ENA|AF513851|AF513851.1	AS:i:-30
AAV.100231_16/ORF/1-1926/1926/-_10066	ENA|U48704|U48704.1	AS:i:-42
AAV.100231_16/ORF/1-1926/1926/-_10066	EU285562.1	AS:i:-42
AAV.100231_16/ORF/1-1926/1926/-_10067	ENA|AAN03857|AAN03857.1	AS:i:0
AAV.100231_16/ORF/1-1926/1926/-_10067	ENA|AAT46337|AAT46337.1	AS:i:-6
AAV.100231_16/ORF/1-1926/1926/-_10067	AY242997.1	AS:i:-12
AAV.100231_16/ORF/1-1926/1926/-_10067	AY243015.1	AS:i:-12
AAV.100231_16/ORF/1-1926/1926/-_10067	NC_001401.2	AS:i:-12
AAV.100231_16/ORF/1-1926/1926/-_10067	ENA|AAS99264|AAS99264.1	AS:i:-18
AAV.100231_16/ORF/1-1926/1926/-_10067	ENA|AF513851|AF513851.1	AS:i:-24
AAV.100231_16/ORF/1-1926/1926/-_10067	ENA|AF028704|AF028704.1	AS:i:-36
AAV.100231_16/ORF/1-1926/1926/-_10067	NC_002077.1	AS:i:-36
AAV.100231_16/ORF/1-1926/1926/-_10068	ENA|AAN03857|AAN03857.1	AS:i:0
AAV.100231_16/ORF/1-1926/1926/-_10068	AY242997.1	AS:i:-6
AAV.100231_16/ORF/1-1926/1926/-_10068	ENA|AAT46337|AAT46337.1	AS:i:-6
AAV.100231_16/ORF/1-1926/1926/-_10068	NC_001401.2	AS:i:-6
AAV.100231_16/ORF/1-1926/1926/-_10068	AY243015.1	AS:i:-12
AAV.100231_16/ORF/1-1926/1926/-_10068	ENA|AF513851|AF513851.1	AS:i:-12
AAV.100231_16/ORF/1-1926/1926/-_10068	ENA|AF028704|AF028704.1	AS:i:-24
AAV.100231_16/ORF/1-1926/1926/-_10068	ENA|AAS99264|AAS99264.1	AS:i:-24
AAV.100231_16/ORF/1-1926/1926/-_10068	NC_002077.1	AS:i:-24
AAV.100231_16/ORF/1-1926/1926/-_10069	ENA|AAT46337|AAT46337.1	AS:i:0
AAV.100231_16/ORF/1-1926/1926/-_10069	ENA|AAN03857|AAN03857.1	AS:i:0
AAV.100231_16/ORF/1-1926/1926/-_10069	AY243015.1	AS:i:-6
AAV.100231_16/ORF/1-1926/1926/-_10069	AY242997.1	AS:i:-6
AAV.100231_16/ORF/1-1926/1926/-_10069	ENA|AF513851|AF513851.1	AS:i:-6
AAV.100231_16/ORF/1-1926/1926/-_10069	NC_002077.1	AS:i:-18
AAV.100231_16/ORF/1-1926/1926/-_10069	NC_001401.2	AS:i:-18
AAV.100231_16/ORF/1-1926/1926/-_10069	ENA|AF028704|AF028704.1	AS:i:-18
AAV.100231_16/ORF/1-1926/1926/-_10069	EU285562.1	AS:i:-24
AAV.100231_16/ORF/1-1926/1926/-_10069	ENA|AAS99264|AAS99264.1	AS:i:-24
AAV.100231_16/ORF/1-1926/1926/-_10070	ENA|AAN03857|AAN03857.1	AS:i:0
AAV.100231_16/ORF/1-1926/1926/-_10070	ENA|AAT46337|AAT46337.1	AS:i:0
AAV.100231_16/ORF/1-1926/1926/-_10070	AY243015.1	AS:i:-6
AAV.100231_16/ORF/1-1926/1926/-_10070	AY242997.1	AS:i:-12
AAV.100231_16/ORF/1-1926/1926/-_10070	ENA|AF513851|AF513851.1	AS:i:-23
AAV.100231_16/ORF/1-1926/1926/-_10070	ENA|AAS99264|AAS99264.1	AS:i:-36
AAV.100231_16/ORF/1-1926/1926/-_10070	ENA|AF028704|AF028704.1	AS:i:-41
AAV.100231_16/ORF/1-1926/1926/-_10070	NC_002077.1	AS:i:-41
AAV.100231_16/ORF/1-1926/1926/-_10070	NC_001401.2	AS:i:-41
AAV.100231_16/ORF/1-1926/1926/-_10070	EU285562.1	AS:i:-47
AAV.100231_16/ORF/1-1926/1926/-_10070	ENA|U48704|U48704.1	AS:i:-53
AAV.100231_16/ORF/1-1926/1926/-_10071	ENA|AAT46337|AAT46337.1	AS:i:0
AAV.100231_16/ORF/1-1926/1926/-_10071	ENA|AAN03857|AAN03857.1	AS:i:0
AAV.100231_16/ORF/1-1926/1926/-_10071	AY243015.1	AS:i:-12
AAV.100231_16/ORF/1-1926/1926/-_10071	AY242997.1	AS:i:-18
AAV.100231_16/ORF/1-1926/1926/-_10071	ENA|AAS99264|AAS99264.1	AS:i:-30
AAV.100231_16/ORF/1-1926/1926/-_10071	ENA|AF513851|AF513851.1	AS:i:-49
AAV.100231_16/ORF/1-1926/1926/-_10071	EU285562.1	AS:i:-55
AAV.100231_16/ORF/1-1926/1926/-_10072	ENA|AAN03857|AAN03857.1	AS:i:0
AAV.100231_16/ORF/1-1926/1926/-_10072	ENA|AAT46337|AAT46337.1	AS:i:-12
AAV.100231_16/ORF/1-1926/1926/-_10072	AY243015.1	AS:i:-24
AAV.100231_16/ORF/1-1926/1926/-_10072	AY242997.1	AS:i:-24
AAV.100231_16/ORF/1-1926/1926/-_10072	ENA|AAS99264|AAS99264.1	AS:i:-54
AAV.100231_16/ORF/1-1926/1926/-_10073	ENA|AAN03857|AAN03857.1	AS:i:0
AAV.100231_16/ORF/1-1926/1926/-_10073	ENA|AAT46337|AAT46337.1	AS:i:-12
AAV.100231_16/ORF/1-1926/1926/-_10073	AY242997.1	AS:i:-24
AAV.100231_16/ORF/1-1926/1926/-_10073	AY243015.1	AS:i:-24
AAV.100231_16/ORF/1-1926/1926/-_10073	ENA|AAS99264|AAS99264.1	AS:i:-60
AAV.100231_16/ORF/1-1926/1926/-_10074	ENA|AAN03857|AAN03857.1	AS:i:0
AAV.100231_16/ORF/1-1926/1926/-_10074	ENA|AAT46337|AAT46337.1	AS:i:-12
AAV.100231_16/ORF/1-1926/1926/-_10074	AY243015.1	AS:i:-24
AAV.100231_16/ORF/1-1926/1926/-_10074	AY242997.1	AS:i:-36
AAV.100231_16/ORF/1-1926/1926/-_10074	ENA|AAS99264|AAS99264.1	AS:i:-60
AAV.100231_16/ORF/1-1926/1926/-_10075	ENA|AAN03857|AAN03857.1	AS:i:0
AAV.100231_16/ORF/1-1926/1926/-_10075	ENA|AAT46337|AAT46337.1	AS:i:-12
AAV.100231_16/ORF/1-1926/1926/-_10075	AY243015.1	AS:i:-24
AAV.100231_16/ORF/1-1926/1926/-_10075	AY242997.1	AS:i:-36
AAV.100231_16/ORF/1-1926/1926/-_10076	ENA|AAN03857|AAN03857.1	AS:i:0
AAV.100231_16/ORF/1-1926/1926/-_10076	ENA|AAT46337|AAT46337.1	AS:i:-12
AAV.100231_16/ORF/1-1926/1926/-_10076	AY243015.1	AS:i:-18
AAV.100231_16/ORF/1-1926/1926/-_10076	AY242997.1	AS:i:-36
AAV.100231_16/ORF/1-1926/1926/-_10077	ENA|AAN03857|AAN03857.1	AS:i:0
AAV.100231_16/ORF/1-1926/1926/-_10077	AY243015.1	AS:i:-18
AAV.100231_16/ORF/1-1926/1926/-_10077	ENA|AAT46337|AAT46337.1	AS:i:-18
AAV.100231_16/ORF/1-1926/1926/-_10078	ENA|AAN03857|AAN03857.1	AS:i:0
AAV.100231_16/ORF/1-1926/1926/-_10078	ENA|AAT46337|AAT46337.1	AS:i:-18
AAV.100231_16/ORF/1-1926/1926/-_10078	AY243015.1	AS:i:-18
AAV.100231_16/ORF/1-1926/1926/-_10078	ENA|AAS99264|AAS99264.1	AS:i:-60
AAV.100231_16/ORF/1-1926/1926/-_10079	ENA|AAN03857|AAN03857.1	AS:i:0
AAV.100231_16/ORF/1-1926/1926/-_10079	ENA|AAT46337|AAT46337.1	AS:i:-24
AAV.100231_16/ORF/1-1926/1926/-_10079	AY243015.1	AS:i:-24
AAV.100231_16/ORF/1-1926/1926/-_10080	ENA|AAN03857|AAN03857.1	AS:i:0
AAV.100231_16/ORF/1-1926/1926/-_10080	ENA|AAT46337|AAT46337.1	AS:i:-24
AAV.100231_16/ORF/1-1926/1926/-_10080	AY243015.1	AS:i:-24
AAV.100231_16/ORF/1-1926/1926/-_10080	AY242997.1	AS:i:-42
AAV.100231_16/ORF/1-1926/1926/-_10080	EU285562.1	AS:i:-44
AAV.100231_16/ORF/1-1926/1926/-_10080	ENA|AF513851|AF513851.1	AS:i:-52
AAV.100231_16/ORF/1-1926/1926/-_10080	ENA|AAS99264|AAS99264.1	AS:i:-54
AAV.100231_16/ORF/1-1926/1926/-_10049	AY242997.1	AS:i:-18
AAV.100231_16/ORF/1-1926/1926/-_10049	ENA|AF028704|AF028704.1	AS:i:-24
AAV.100231_16/ORF/1-1926/1926/-_10049	NC_002077.1	AS:i:-30
AAV.100231_16/ORF/1-1926/1926/-_10049	ENA|AAN03857|AAN03857.1	AS:i:-30
AAV.100231_16/ORF/1-1926/1926/-_10050	ENA|AAN03857|AAN03857.1	AS:i:-24
AAV.100231_16/ORF/1-1926/1926/-_10050	AY242997.1	AS:i:-30
AAV.100231_16/ORF/1-1926/1926/-_10050	ENA|AF513851|AF513851.1	AS:i:-36
AAV.100231_16/ORF/1-1926/1926/-_10050	ENA|AF028704|AF028704.1	AS:i:-42
AAV.100231_16/ORF/1-1926/1926/-_10050	NC_002077.1	AS:i:-48
AAV.100231_16/ORF/1-1926/1926/-_10051	ENA|AAN03857|AAN03857.1	AS:i:-17
AAV.100231_16/ORF/1-1926/1926/-_10051	AY242997.1	AS:i:-36
AAV.100231_16/ORF/1-1926/1926/-_10051	ENA|AF028704|AF028704.1	AS:i:-42
AAV.100231_16/ORF/1-1926/1926/-_10051	NC_002077.1	AS:i:-48
AAV.100231_16/ORF/1-1926/1926/-_10052	ENA|AAN03857|AAN03857.1	AS:i:0
AAV.100231_16/ORF/1-1926/1926/-_10052	AY242997.1	AS:i:-36
AAV.100231_16/ORF/1-1926/1926/-_10052	ENA|AF513851|AF513851.1	AS:i:-48
AAV.100231_16/ORF/1-1926/1926/-_10052	ENA|AF028704|AF028704.1	AS:i:-48
AAV.100231_16/ORF/1-1926/1926/-_10052	NC_002077.1	AS:i:-54
AAV.100231_16/ORF/1-1926/1926/-_10053	ENA|AAN03857|AAN03857.1	AS:i:0
AAV.100231_16/ORF/1-1926/1926/-_10053	ENA|AF513851|AF513851.1	AS:i:-42
AAV.100231_16/ORF/1-1926/1926/-_10054	ENA|AAN03857|AAN03857.1	AS:i:0
AAV.100231_16/ORF/1-1926/1926/-_10054	ENA|AF513851|AF513851.1	AS:i:-42
AAV.100231_16/ORF/1-1926/1926/-_10055	ENA|AAN03857|AAN03857.1	AS:i:0
AAV.100231_16/ORF/1-1926/1926/-_10055	ENA|AF513851|AF513851.1	AS:i:-42
AAV.100231_16/ORF/1-1926/1926/-_10056	ENA|AAN03857|AAN03857.1	AS:i:0
AAV.100231_16/ORF/1-1926/1926/-_10056	ENA|AF513851|AF513851.1	AS:i:-30
AAV.100231_16/ORF/1-1926/1926/-_10057	ENA|AAN03857|AAN03857.1	AS:i:0
AAV.100231_16/ORF/1-1926/1926/-_10057	ENA|AF028704|AF028704.1	AS:i:-36
AAV.100231_16/ORF/1-1926/1926/-_10057	NC_002077.1	AS:i:-36
AAV.100231_16/ORF/1-1926/1926/-_10057	ENA|AF513851|AF513851.1	AS:i:-36
AAV.100231_16/ORF/1-1926/1926/-_10058	ENA|AAN03857|AAN03857.1	AS:i:0
AAV.100231_16/ORF/1-1926/1926/-_10058	AY242997.1	AS:i:-36
AAV.100231_16/ORF/1-1926/1926/-_10058	ENA|AF513851|AF513851.1	AS:i:-48
AAV.100231_16/ORF/1-1926/1926/-_10058	NC_002077.1	AS:i:-48
AAV.100231_16/ORF/1-1926/1926/-_10058	ENA|AF028704|AF028704.1	AS:i:-48
AAV.100231_16/ORF/1-1926/1926/-_10058	ENA|AAT46337|AAT46337.1	AS:i:-48
AAV.100231_16/ORF/1-1926/1926/-_10058	AY243015.1	AS:i:-54
AAV.100231_16/ORF/1-1926/1926/-_10059	ENA|AAN03857|AAN03857.1	AS:i:0
AAV.100231_16/ORF/1-1926/1926/-_10059	AY242997.1	AS:i:-36
AAV.100231_16/ORF/1-1926/1926/-_10059	NC_002077.1	AS:i:-48
AAV.100231_16/ORF/1-1926/1926/-_10059	ENA|AF028704|AF028704.1	AS:i:-48
AAV.100231_16/ORF/1-1926/1926/-_10059	AY243015.1	AS:i:-48
AAV.100231_16/ORF/1-1926/1926/-_10059	ENA|AAT46337|AAT46337.1	AS:i:-48
AAV.100231_16/ORF/1-1926/1926/-_10059	EU285562.1	AS:i:-54
AAV.100231_16/ORF/1-1926/1926/-_10059	ENA|AF513851|AF513851.1	AS:i:-54
AAV.100231_16/ORF/1-1926/1926/-_10060	ENA|AAN03857|AAN03857.1	AS:i:0
AAV.100231_16/ORF/1-1926/1926/-_10060	NC_002077.1	AS:i:-30
AAV.100231_16/ORF/1-1926/1926/-_10060	ENA|AF028704|AF028704.1	AS:i:-30
AAV.100231_16/ORF/1-1926/1926/-_10060	AY243015.1	AS:i:-36
AAV.100231_16/ORF/1-1926/1926/-_10060	ENA|AAT46337|AAT46337.1	AS:i:-36
AAV.100231_16/ORF/1-1926/1926/-_10060	ENA|AF513851|AF513851.1	AS:i:-48
AAV.100231_16/ORF/1-1926/1926/-_10060	EU285562.1	AS:i:-48
AAV.100231_16/ORF/1-1926/1926/-_10060	ENA|U48704|U48704.1	AS:i:-48
AAV.100231_16/ORF/1-1926/1926/-_10061	ENA|AAN03857|AAN03857.1	AS:i:0
AAV.100231_16/ORF/1-1926/1926/-_10061	AY242997.1	AS:i:-18
AAV.100231_16/ORF/1-1926/1926/-_10061	ENA|AAT46337|AAT46337.1	AS:i:-24
AAV.100231_16/ORF/1-1926/1926/-_10061	AY243015.1	AS:i:-24
AAV.100231_16/ORF/1-1926/1926/-_10061	ENA|AF028704|AF028704.1	AS:i:-30
AAV.100231_16/ORF/1-1926/1926/-_10061	NC_002077.1	AS:i:-30
AAV.100231_16/ORF/1-1926/1926/-_10061	ENA|AF513851|AF513851.1	AS:i:-42
AAV.100231_16/ORF/1-1926/1926/-_10061	ENA|AAS99264|AAS99264.1	AS:i:-54
AAV.100231_16/ORF/1-1926/1926/-_10062	ENA|AAN03857|AAN03857.1	AS:i:0
AAV.100231_16/ORF/1-1926/1926/-_10062	AY243015.1	AS:i:-12
AAV.100231_16/ORF/1-1926/1926/-_10062	ENA|AAT46337|AAT46337.1	AS:i:-12
AAV.100231_16/ORF/1-1926/1926/-_10062	ENA|AF028704|AF028704.1	AS:i:-24
AAV.100231_16/ORF/1-1926/1926/-_10062	NC_002077.1	AS:i:-24
AAV.100231_16/ORF/1-1926/1926/-_10062	AY242997.1	AS:i:-24
AAV.100231_16/ORF/1-1926/1926/-_10062	ENA|AF513851|AF513851.1	AS:i:-24
AAV.100231_16/ORF/1-1926/1926/-_10062	NC_001401.2	AS:i:-30
AAV.100231_16/ORF/1-1926/1926/-_10062	ENA|AAS99264|AAS99264.1	AS:i:-48
AAV.100231_16/ORF/1-1926/1926/-_10063	ENA|AAN03857|AAN03857.1	AS:i:0
AAV.100231_16/ORF/1-1926/1926/-_10063	AY243015.1	AS:i:-12
AAV.100231_16/ORF/1-1926/1926/-_10063	ENA|AAT46337|AAT46337.1	AS:i:-12
AAV.100231_16/ORF/1-1926/1926/-_10063	NC_001401.2	AS:i:-18
AAV.100231_16/ORF/1-1926/1926/-_10063	NC_002077.1	AS:i:-18
AAV.100231_16/ORF/1-1926/1926/-_10063	ENA|AF028704|AF028704.1	AS:i:-18
AAV.100231_16/ORF/1-1926/1926/-_10063	AY242997.1	AS:i:-18
AAV.100231_16/ORF/1-1926/1926/-_10063	ENA|AF513851|AF513851.1	AS:i:-30
AAV.100231_16/ORF/1-1926/1926/-_10064	ENA|AAN03857|AAN03857.1	AS:i:0
AAV.100231_16/ORF/1-1926/1926/-_10064	ENA|AAT46337|AAT46337.1	AS:i:-6
AAV.100231_16/ORF/1-1926/1926/-_10064	AY243015.1	AS:i:-6
AAV.100231_16/ORF/1-1926/1926/-_10064	AY242997.1	AS:i:-12
AAV.100231_16/ORF/1-1926/1926/-_10064	NC_002077.1	AS:i:-18
AAV.100231_16/ORF/1-1926/1926/-_10064	ENA|AF028704|AF028704.1	AS:i:-18
AAV.100231_16/ORF/1-1926/1926/-_10064	ENA|AF513851|AF513851.1	AS:i:-30
AAV.100231_16/ORF/1-1926/1926/-_10064	ENA|AAS99264|AAS99264.1	AS:i:-36
AAV.100231_16/ORF/1-1926/1926/-_10113	ENA|AAN03857|AAN03857.1	AS:i:-30
AAV.100231_16/ORF/1-1926/1926/-_10113	AY243015.1	AS:i:-42
AAV.100231_16/ORF/1-1926/1926/-_10114	AY243015.1	AS:i:-36
AAV.100231_16/ORF/1-1926/1926/-_10114	ENA|AAN03857|AAN03857.1	AS:i:-36
AAV.100231_16/ORF/1-1926/1926/-_10115	AY243015.1	AS:i:-24
AAV.100231_16/ORF/1-1926/1926/-_10116	AY243015.1	AS:i:-12
AAV.100231_16/ORF/1-1926/1926/-_10117	AY243015.1	AS:i:0
AAV.100231_16/ORF/1-1926/1926/-_10118	AY243015.1	AS:i:0
AAV.100231_16/ORF/1-1926/1926/-_10119	AY243015.1	AS:i:0
AAV.100231_16/ORF/1-1926/1926/-_10120	AY243015.1	AS:i:0
AAV.100231_16/ORF/1-1926/1926/-_10120	ENA|AF513851|AF513851.1	AS:i:-58
AAV.100231_16/ORF/1-1926/1926/-_10121	AY243015.1	AS:i:0
AAV.100231_16/ORF/1-1926/1926/-_10121	ENA|AF513851|AF513851.1	AS:i:-52
AAV.100231_16/ORF/1-1926/1926/-_10122	AY243015.1	AS:i:0
AAV.100231_16/ORF/1-1926/1926/-_10122	ENA|AF513851|AF513851.1	AS:i:-40
AAV.100231_16/ORF/1-1926/1926/-_10123	AY243015.1	AS:i:0
AAV.100231_16/ORF/1-1926/1926/-_10124	AY243015.1	AS:i:0
AAV.100231_16/ORF/1-1926/1926/-_10125	AY243015.1	AS:i:0
AAV.100231_16/ORF/1-1926/1926/-_10126	AY243015.1	AS:i:0
AAV.100231_16/ORF/1-1926/1926/-_10127	AY243015.1	AS:i:0
AAV.100231_16/ORF/1-1926/1926/-_10128	AY243015.1	AS:i:0
AAV.100231_16/ORF/1-1926/1926/-_10145	AY243015.1	AS:i:0
AAV.100231_16/ORF/1-1926/1926/-_10146	AY243015.1	AS:i:0
AAV.100231_16/ORF/1-1926/1926/-_10147	AY243015.1	AS:i:0
AAV.100231_16/ORF/1-1926/1926/-_10148	AY243015.1	AS:i:0
AAV.100231_16/ORF/1-1926/1926/-_10149	AY243015.1	AS:i:0
AAV.100231_16/ORF/1-1926/1926/-_10150	AY243015.1	AS:i:0
AAV.100231_16/ORF/1-1926/1926/-_10151	AY243015.1	AS:i:0
AAV.100231_16/ORF/1-1926/1926/-_10152	AY243015.1	AS:i:0
AAV.100231_16/ORF/1-1926/1926/-_10153	AY243015.1	AS:i:0
AAV.100231_16/ORF/1-1926/1926/-_10154	AY243015.1	AS:i:0
AAV.100231_16/ORF/1-1926/1926/-_10155	AY243015.1	AS:i:0
AAV.100231_16/ORF/1-1926/1926/-_10156	AY243015.1	AS:i:0
AAV.100231_16/ORF/1-1926/1926/-_10157	AY243015.1	AS:i:0
AAV.100231_16/ORF/1-1926/1926/-_10158	AY243015.1	AS:i:0
AAV.100231_16/ORF/1-1926/1926/-_10159	AY243015.1	AS:i:0
AAV.100231_16/ORF/1-1926/1926/-_10160	AY243015.1	AS:i:0
AAV.100231_16/ORF/1-1926/1926/-_10097	ENA|AAN03857|AAN03857.1	AS:i:0
AAV.100231_16/ORF/1-1926/1926/-_10097	ENA|AAT46337|AAT46337.1	AS:i:-30
AAV.100231_16/ORF/1-1926/1926/-_10097	AY243015.1	AS:i:-36
AAV.100231_16/ORF/1-1926/1926/-_10098	ENA|AAN03857|AAN03857.1	AS:i:0
AAV.100231_16/ORF/1-1926/1926/-_10098	ENA|AAT46337|AAT46337.1	AS:i:-36
AAV.100231_16/ORF/1-1926/1926/-_10098	AY243015.1	AS:i:-42
AAV.100231_16/ORF/1-1926/1926/-_10099	ENA|AAN03857|AAN03857.1	AS:i:0
AAV.100231_16/ORF/1-1926/1926/-_10099	ENA|AAT46337|AAT46337.1	AS:i:-48
AAV.100231_16/ORF/1-1926/1926/-_10099	AY243015.1	AS:i:-48
AAV.100231_16/ORF/1-1926/1926/-_10100	ENA|AAN03857|AAN03857.1	AS:i:0
AAV.100231_16/ORF/1-1926/1926/-_10101	ENA|AAN03857|AAN03857.1	AS:i:0
AAV.100231_16/ORF/1-1926/1926/-_10102	ENA|AAN03857|AAN03857.1	AS:i:0
AAV.100231_16/ORF/1-1926/1926/-_10103	ENA|AAN03857|AAN03857.1	AS:i:0
AAV.100231_16/ORF/1-1926/1926/-_10103	AY243015.1	AS:i:-48
AAV.100231_16/ORF/1-1926/1926/-_10103	ENA|AF513851|AF513851.1	AS:i:-54
AAV.100231_16/ORF/1-1926/1926/-_10104	ENA|AAN03857|AAN03857.1	AS:i:0
AAV.100231_16/ORF/1-1926/1926/-_10104	ENA|AAT46337|AAT46337.1	AS:i:-42
AAV.100231_16/ORF/1-1926/1926/-_10104	AY243015.1	AS:i:-42
AAV.100231_16/ORF/1-1926/1926/-_10104	ENA|AF513851|AF513851.1	AS:i:-48
AAV.100231_16/ORF/1-1926/1926/-_10105	ENA|AAN03857|AAN03857.1	AS:i:0
AAV.100231_16/ORF/1-1926/1926/-_10106	ENA|AAN03857|AAN03857.1	AS:i:0
AAV.100231_16/ORF/1-1926/1926/-_10107	ENA|AAN03857|AAN03857.1	AS:i:0
AAV.100231_16/ORF/1-1926/1926/-_10108	ENA|AAN03857|AAN03857.1	AS:i:-6
AAV.100231_16/ORF/1-1926/1926/-_10108	ENA|AF028704|AF028704.1	AS:i:-54
AAV.100231_16/ORF/1-1926/1926/-_10108	AY243015.1	AS:i:-54
AAV.100231_16/ORF/1-1926/1926/-_10108	ENA|AF513851|AF513851.1	AS:i:-60
AAV.100231_16/ORF/1-1926/1926/-_10109	ENA|AAN03857|AAN03857.1	AS:i:-12
AAV.100231_16/ORF/1-1926/1926/-_10109	AY243015.1	AS:i:-48
AAV.100231_16/ORF/1-1926/1926/-_10109	ENA|AF513851|AF513851.1	AS:i:-54
AAV.100231_16/ORF/1-1926/1926/-_10109	ENA|AF028704|AF028704.1	AS:i:-60
AAV.100231_16/ORF/1-1926/1926/-_10110	ENA|AAN03857|AAN03857.1	AS:i:-12
AAV.100231_16/ORF/1-1926/1926/-_10111	ENA|AAN03857|AAN03857.1	AS:i:-18
AAV.100231_16/ORF/1-1926/1926/-_10111	AY243015.1	AS:i:-48
AAV.100231_16/ORF/1-1926/1926/-_10112	ENA|AAN03857|AAN03857.1	AS:i:-30
AAV.100231_16/ORF/1-1926/1926/-_10112	AY243015.1	AS:i:-48
AAV.100231_16/ORF/1-1926/1926/-_10081	ENA|AAN03857|AAN03857.1	AS:i:0
AAV.100231_16/ORF/1-1926/1926/-_10081	AY243015.1	AS:i:-18
AAV.100231_16/ORF/1-1926/1926/-_10081	ENA|AAT46337|AAT46337.1	AS:i:-24
AAV.100231_16/ORF/1-1926/1926/-_10081	ENA|AF513851|AF513851.1	AS:i:-26
AAV.100231_16/ORF/1-1926/1926/-_10081	EU285562.1	AS:i:-36
AAV.100231_16/ORF/1-1926/1926/-_10081	NC_002077.1	AS:i:-36
AAV.100231_16/ORF/1-1926/1926/-_10081	ENA|AF028704|AF028704.1	AS:i:-48
AAV.100231_16/ORF/1-1926/1926/-_10081	ENA|U48704|U48704.1	AS:i:-48
AAV.100231_16/ORF/1-1926/1926/-_10081	ENA|AAS99264|AAS99264.1	AS:i:-48
AAV.100231_16/ORF/1-1926/1926/-_10081	NC_001401.2	AS:i:-58
AAV.100231_16/ORF/1-1926/1926/-_10082	ENA|AAN03857|AAN03857.1	AS:i:0
AAV.100231_16/ORF/1-1926/1926/-_10082	AY243015.1	AS:i:-6
AAV.100231_16/ORF/1-1926/1926/-_10082	ENA|AF513851|AF513851.1	AS:i:-6
AAV.100231_16/ORF/1-1926/1926/-_10082	ENA|AAT46337|AAT46337.1	AS:i:-12
AAV.100231_16/ORF/1-1926/1926/-_10082	ENA|AAS99264|AAS99264.1	AS:i:-18
AAV.100231_16/ORF/1-1926/1926/-_10082	NC_002077.1	AS:i:-24
AAV.100231_16/ORF/1-1926/1926/-_10082	ENA|AF028704|AF028704.1	AS:i:-36
AAV.100231_16/ORF/1-1926/1926/-_10082	EU285562.1	AS:i:-36
AAV.100231_16/ORF/1-1926/1926/-_10082	ENA|U48704|U48704.1	AS:i:-36
AAV.100231_16/ORF/1-1926/1926/-_10082	NC_001401.2	AS:i:-46
AAV.100231_16/ORF/1-1926/1926/-_10083	ENA|AAN03857|AAN03857.1	AS:i:0
AAV.100231_16/ORF/1-1926/1926/-_10083	ENA|AF513851|AF513851.1	AS:i:-6
AAV.100231_16/ORF/1-1926/1926/-_10083	AY243015.1	AS:i:-6
AAV.100231_16/ORF/1-1926/1926/-_10083	ENA|AAS99264|AAS99264.1	AS:i:-12
AAV.100231_16/ORF/1-1926/1926/-_10083	ENA|AAT46337|AAT46337.1	AS:i:-12
AAV.100231_16/ORF/1-1926/1926/-_10083	NC_002077.1	AS:i:-18
AAV.100231_16/ORF/1-1926/1926/-_10083	ENA|U48704|U48704.1	AS:i:-24
AAV.100231_16/ORF/1-1926/1926/-_10083	ENA|AF028704|AF028704.1	AS:i:-30
AAV.100231_16/ORF/1-1926/1926/-_10084	ENA|AAN03857|AAN03857.1	AS:i:0
AAV.100231_16/ORF/1-1926/1926/-_10084	ENA|AF513851|AF513851.1	AS:i:-6
AAV.100231_16/ORF/1-1926/1926/-_10084	AY243015.1	AS:i:-6
AAV.100231_16/ORF/1-1926/1926/-_10084	NC_002077.1	AS:i:-18
AAV.100231_16/ORF/1-1926/1926/-_10084	ENA|AAS99264|AAS99264.1	AS:i:-18
AAV.100231_16/ORF/1-1926/1926/-_10084	ENA|AAT46337|AAT46337.1	AS:i:-18
AAV.100231_16/ORF/1-1926/1926/-_10084	ENA|U48704|U48704.1	AS:i:-18
AAV.100231_16/ORF/1-1926/1926/-_10084	EU285562.1	AS:i:-24
AAV.100231_16/ORF/1-1926/1926/-_10084	NC_001401.2	AS:i:-30
AAV.100231_16/ORF/1-1926/1926/-_10085	ENA|AAN03857|AAN03857.1	AS:i:0
AAV.100231_16/ORF/1-1926/1926/-_10085	AY243015.1	AS:i:-6
AAV.100231_16/ORF/1-1926/1926/-_10085	NC_002077.1	AS:i:-18
AAV.100231_16/ORF/1-1926/1926/-_10085	ENA|U48704|U48704.1	AS:i:-18
AAV.100231_16/ORF/1-1926/1926/-_10085	EU285562.1	AS:i:-24
AAV.100231_16/ORF/1-1926/1926/-_10085	ENA|AAS99264|AAS99264.1	AS:i:-24
AAV.100231_16/ORF/1-1926/1926/-_10085	NC_001401.2	AS:i:-24
AAV.100231_16/ORF/1-1926/1926/-_10085	ENA|AAT46337|AAT46337.1	AS:i:-24
AAV.100231_16/ORF/1-1926/1926/-_10085	ENA|AF513851|AF513851.1	AS:i:-30
AAV.100231_16/ORF/1-1926/1926/-_10086	ENA|AAN03857|AAN03857.1	AS:i:0
AAV.100231_16/ORF/1-1926/1926/-_10086	AY243015.1	AS:i:-12
AAV.100231_16/ORF/1-1926/1926/-_10086	ENA|AAT46337|AAT46337.1	AS:i:-24
AAV.100231_16/ORF/1-1926/1926/-_10086	ENA|AAS99264|AAS99264.1	AS:i:-30
AAV.100231_16/ORF/1-1926/1926/-_10086	NC_002077.1	AS:i:-30
AAV.100231_16/ORF/1-1926/1926/-_10086	EU285562.1	AS:i:-30
AAV.100231_16/ORF/1-1926/1926/-_10086	NC_001401.2	AS:i:-30
AAV.100231_16/ORF/1-1926/1926/-_10086	ENA|AF513851|AF513851.1	AS:i:-36
AAV.100231_16/ORF/1-1926/1926/-_10087	ENA|AAN03857|AAN03857.1	AS:i:0
AAV.100231_16/ORF/1-1926/1926/-_10087	AY243015.1	AS:i:-12
AAV.100231_16/ORF/1-1926/1926/-_10087	NC_002077.1	AS:i:-18
AAV.100231_16/ORF/1-1926/1926/-_10087	ENA|AAT46337|AAT46337.1	AS:i:-18
AAV.100231_16/ORF/1-1926/1926/-_10087	ENA|AF028704|AF028704.1	AS:i:-24
AAV.100231_16/ORF/1-1926/1926/-_10087	ENA|AAS99264|AAS99264.1	AS:i:-30
AAV.100231_16/ORF/1-1926/1926/-_10087	EU285562.1	AS:i:-36
AAV.100231_16/ORF/1-1926/1926/-_10087	ENA|AF513851|AF513851.1	AS:i:-36
AAV.100231_16/ORF/1-1926/1926/-_10087	NC_001401.2	AS:i:-36
AAV.100231_16/ORF/1-1926/1926/-_10088	ENA|AAN03857|AAN03857.1	AS:i:0
AAV.100231_16/ORF/1-1926/1926/-_10088	AY243015.1	AS:i:-12
AAV.100231_16/ORF/1-1926/1926/-_10088	ENA|AAT46337|AAT46337.1	AS:i:-18
AAV.100231_16/ORF/1-1926/1926/-_10088	NC_002077.1	AS:i:-24
AAV.100231_16/ORF/1-1926/1926/-_10088	ENA|AF028704|AF028704.1	AS:i:-30
AAV.100231_16/ORF/1-1926/1926/-_10088	ENA|AF513851|AF513851.1	AS:i:-36
AAV.100231_16/ORF/1-1926/1926/-_10088	ENA|AAS99264|AAS99264.1	AS:i:-36
AAV.100231_16/ORF/1-1926/1926/-_10089	ENA|AAN03857|AAN03857.1	AS:i:0
AAV.100231_16/ORF/1-1926/1926/-_10089	AY243015.1	AS:i:-6
AAV.100231_16/ORF/1-1926/1926/-_10089	ENA|AAT46337|AAT46337.1	AS:i:-12
AAV.100231_16/ORF/1-1926/1926/-_10089	ENA|AF028704|AF028704.1	AS:i:-30
AAV.100231_16/ORF/1-1926/1926/-_10089	NC_002077.1	AS:i:-36
AAV.100231_16/ORF/1-1926/1926/-_10089	ENA|AF513851|AF513851.1	AS:i:-42
AAV.100231_16/ORF/1-1926/1926/-_10089	ENA|AAS99264|AAS99264.1	AS:i:-42
AAV.100231_16/ORF/1-1926/1926/-_10090	ENA|AAN03857|AAN03857.1	AS:i:0
AAV.100231_16/ORF/1-1926/1926/-_10090	AY243015.1	AS:i:-6
AAV.100231_16/ORF/1-1926/1926/-_10090	ENA|AAT46337|AAT46337.1	AS:i:-12
AAV.100231_16/ORF/1-1926/1926/-_10090	ENA|AF513851|AF513851.1	AS:i:-48
AAV.100231_16/ORF/1-1926/1926/-_10091	ENA|AAN03857|AAN03857.1	AS:i:0
AAV.100231_16/ORF/1-1926/1926/-_10091	AY243015.1	AS:i:-6
AAV.100231_16/ORF/1-1926/1926/-_10091	ENA|AAT46337|AAT46337.1	AS:i:-12
AAV.100231_16/ORF/1-1926/1926/-_10092	ENA|AAN03857|AAN03857.1	AS:i:0
AAV.100231_16/ORF/1-1926/1926/-_10092	AY243015.1	AS:i:-6
AAV.100231_16/ORF/1-1926/1926/-_10092	ENA|AAT46337|AAT46337.1	AS:i:-12
AAV.100231_16/ORF/1-1926/1926/-_10093	ENA|AAN03857|AAN03857.1	AS:i:0
AAV.100231_16/ORF/1-1926/1926/-_10093	AY243015.1	AS:i:-12
AAV.100231_16/ORF/1-1926/1926/-_10093	ENA|AAT46337|AAT46337.1	AS:i:-18
AAV.100231_16/ORF/1-1926/1926/-_10094	ENA|AAN03857|AAN03857.1	AS:i:0
AAV.100231_16/ORF/1-1926/1926/-_10094	ENA|AAT46337|AAT46337.1	AS:i:-24
AAV.100231_16/ORF/1-1926/1926/-_10094	AY243015.1	AS:i:-24
AAV.100231_16/ORF/1-1926/1926/-_10095	ENA|AAN03857|AAN03857.1	AS:i:0
AAV.100231_16/ORF/1-1926/1926/-_10095	ENA|AAT46337|AAT46337.1	AS:i:-24
AAV.100231_16/ORF/1-1926/1926/-_10095	AY243015.1	AS:i:-30
AAV.100231_16/ORF/1-1926/1926/-_10096	ENA|AAN03857|AAN03857.1	AS:i:0
AAV.100231_16/ORF/1-1926/1926/-_10096	AY243015.1	AS:i:-30
AAV.100231_16/ORF/1-1926/1926/-_10096	ENA|AAT46337|AAT46337.1	AS:i:-30
AAV.100231_16/ORF/1-1926/1926/-_10177	NC_001401.2	AS:i:0
AAV.100231_16/ORF/1-1926/1926/-_10178	NC_001401.2	AS:i:0
AAV.100231_16/ORF/1-1926/1926/-_10179	NC_001401.2	AS:i:0
AAV.100231_16/ORF/1-1926/1926/-_10180	NC_001401.2	AS:i:0
AAV.100231_16/ORF/1-1926/1926/-_10181	NC_001401.2	AS:i:0
AAV.100231_16/ORF/1-1926/1926/-_10182	NC_001401.2	AS:i:0
AAV.100231_16/ORF/1-1926/1926/-_10183	NC_001401.2	AS:i:0
AAV.100231_16/ORF/1-1926/1926/-_10184	NC_001401.2	AS:i:0
AAV.100231_16/ORF/1-1926/1926/-_10185	NC_001401.2	AS:i:0
AAV.100231_16/ORF/1-1926/1926/-_10186	NC_001401.2	AS:i:0
AAV.100231_16/ORF/1-1926/1926/-_10187	NC_001401.2	AS:i:0
AAV.100231_16/ORF/1-1926/1926/-_10188	NC_001401.2	AS:i:0
AAV.100231_16/ORF/1-1926/1926/-_10189	NC_001401.2	AS:i:0
AAV.100231_16/ORF/1-1926/1926/-_10190	NC_001401.2	AS:i:0
AAV.100231_16/ORF/1-1926/1926/-_10191	NC_001401.2	AS:i:0
AAV.100231_16/ORF/1-1926/1926/-_10192	NC_001401.2	AS:i:0
AAV.100231_16/ORF/1-1926/1926/-_10193	ENA|AAT46337|AAT46337.1	AS:i:0
AAV.100231_16/ORF/1-1926/1926/-_10193	NC_001401.2	AS:i:0
AAV.100231_16/ORF/1-1926/1926/-_10193	ENA|AF028704|AF028704.1	AS:i:0
AAV.100231_16/ORF/1-1926/1926/-_10193	ENA|AF513851|AF513851.1	AS:i:0
AAV.100231_16/ORF/1-1926/1926/-_10129	AY243015.1	AS:i:0
AAV.100231_16/ORF/1-1926/1926/-_10130	AY243015.1	AS:i:0
AAV.100231_16/ORF/1-1926/1926/-_10131	AY243015.1	AS:i:0
AAV.100231_16/ORF/1-1926/1926/-_10132	AY243015.1	AS:i:0
AAV.100231_16/ORF/1-1926/1926/-_10133	AY243015.1	AS:i:0
AAV.100231_16/ORF/1-1926/1926/-_10134	AY243015.1	AS:i:0
AAV.100231_16/ORF/1-1926/1926/-_10135	AY243015.1	AS:i:0
AAV.100231_16/ORF/1-1926/1926/-_10136	AY243015.1	AS:i:0
AAV.100231_16/ORF/1-1926/1926/-_10137	AY243015.1	AS:i:0
AAV.100231_16/ORF/1-1926/1926/-_10138	AY243015.1	AS:i:0
AAV.100231_16/ORF/1-1926/1926/-_10139	AY243015.1	AS:i:0
AAV.100231_16/ORF/1-1926/1926/-_10140	AY243015.1	AS:i:0
AAV.100231_16/ORF/1-1926/1926/-_10141	AY243015.1	AS:i:0
AAV.100231_16/ORF/1-1926/1926/-_10142	AY243015.1	AS:i:0
AAV.100231_16/ORF/1-1926/1926/-_10143	AY243015.1	AS:i:0
AAV.100231_16/ORF/1-1926/1926/-_10144	AY243015.1	AS:i:0
AAV.100231_16/ORF/1-1926/1926/-_10161	AY243015.1	AS:i:0
AAV.100231_16/ORF/1-1926/1926/-_10162	AY243015.1	AS:i:0
AAV.100231_16/ORF/1-1926/1926/-_10163	AY243015.1	AS:i:0
AAV.100231_16/ORF/1-1926/1926/-_10164	AY243015.1	AS:i:0
AAV.100231_16/ORF/1-1926/1926/-_10165	AY243015.1	AS:i:0
AAV.100231_16/ORF/1-1926/1926/-_10166	AY243015.1	AS:i:-29
AAV.100231_16/ORF/1-1926/1926/-_10167	AY243015.1	AS:i:-50
AAV.100231_16/ORF/1-1926/1926/-_10173	NC_001401.2	AS:i:-55
AAV.100231_16/ORF/1-1926/1926/-_10174	NC_001401.2	AS:i:-37
AAV.100231_16/ORF/1-1926/1926/-_10175	NC_001401.2	AS:i:-18
AAV.100231_16/ORF/1-1926/1926/-_10176	NC_001401.2	AS:i:0
